Range (M),GTL (mils),sinAZ,Galt (M),Talt (M),AOS (mils),Chg,MV (m/s),Drift,QE (mils),TOF,MAX Ord (M),Moz
2501,800,0.7071,500,250,-101.4813315,1L,288.2,2.7,58.69356396,8.983708769,513.0695897,13.0695897
2501,800,0.7071,500,500,0,1L,288.2,3.6,162.4054907,8.983708769,602.9066774,102.9066774
2501,800,0.7071,500,750,101.4813315,1L,288.2,3.6,266.1174175,8.983708769,769.6043846,269.6043846
2501,1600,1,500,250,-101.4813315,1L,288.2,3,58.8,9,514,14
2501,1600,1,500,500,0,1L,288.2,4,162.7,9,604,104
2501,1600,1,500,750,101.4813315,1L,288.2,4,266.6,9,771,271
2501,4000,-0.7071,500,250,-101.4813315,1L,288.2,2.7,59.04835076,9.038012872,516.1709574,16.17095736
2501,4000,-0.7071,500,500,0,1L,288.2,3.6,163.3871883,9.038012872,606.5510861,106.5510861
2501,4000,-0.7071,500,750,101.4813315,1L,288.2,3.6,267.7260257,9.038012872,774.256436,274.256436
2501,4800,-1,500,250,-101.4813315,1L,288.2,3,60.01153846,9,514.5402674,14.54026744
2501,4800,-1,500,500,0,1L,288.2,4,163.9115385,9,604.7601341,104.7601341
2501,4800,-1,500,750,101.4813315,1L,288.2,4,267.8115385,9,772.9633627,272.9633627
3001,800,0.7071,500,0,-168.1640203,1L,288.2,3.6,25.75329847,10.9800885,502.0895012,2.089501207
3001,800,0.7071,500,500,0,1L,288.2,3.6,199.2386967,10.9800885,653.8143604,153.8143604
3001,800,0.7071,500,1000,168.1640203,1L,288.2,4.5,374.3211987,10.9800885,1013.162711,513.1627112
3001,1600,1,500,0,-168.1640203,1L,288.2,4,25.8,11,503,3
3001,1600,1,500,500,0,1L,288.2,4,199.6,11,655,155
3001,1600,1,500,1000,168.1640203,1L,288.2,5,375,11,1015,515
3001,4000,-0.7071,500,0,-168.1640203,1L,288.2,3.6,25.90897023,11.04646018,505.1244972,5.124497184
3001,4000,-0.7071,500,500,0,1L,288.2,3.6,200.443041,11.04646018,657.7664924,157.7664924
3001,4000,-0.7071,500,1000,168.1640203,1L,288.2,4.5,376.5838697,11.04646018,1019.287007,519.2870072
3001,4800,-1,500,0,-168.1640203,1L,288.2,4,27.28076923,11,504.2398722,4.239872234
3001,4800,-1,500,500,0,1L,288.2,4,201.0807692,11,656.6146171,156.6146171
3001,4800,-1,500,1000,168.1640203,1L,288.2,5,376.4807692,11,1018.94678,518.9467805
3001,4800,-1,500,1500,327.6305949,1L,288.2,6,545.6153846,12,1511.489312,1011.489312
4002,800,0.7071,500,0,-126.6043056,1L,288.2,5.4,143.7393403,14.97284795,580.9465004,80.9465004
4002,800,0.7071,500,500,0,1L,288.2,5.4,279.6927997,14.97284795,795.557321,295.557321
4002,800,0.7071,500,1000,126.6043056,1L,288.2,6.3,417.9420957,15.97103781,1127.954545,627.9545455
4002,800,0.7071,500,1500,249.4134393,1L,288.2,7.2,556.2912108,16.96922767,1548.192478,1048.192478
4002,1600,1,500,0,-126.6043056,1L,288.2,6,144,15,582,82
4002,1600,1,500,500,0,1L,288.2,6,280.2,15,797,297
4002,1600,1,500,1000,126.6043056,1L,288.2,7,418.7,16,1130,630
4002,1600,1,500,1500,249.4134393,1L,288.2,8,557.3,17,1551,1051
4002,4000,-0.7071,500,0,-126.6043056,1L,288.2,5.4,144.608206,15.06335479,584.4581657,84.45816573
4002,4000,-0.7071,500,500,0,1L,288.2,5.4,281.3834674,15.06335479,800.366251,300.366251
4002,4000,-0.7071,500,1000,126.6043056,1L,288.2,5.4,420.4684433,16.06757844,1134.772727,634.7727273
4002,4000,-0.7071,500,1500,249.4134393,1L,288.2,6.3,559.6538415,17.07180209,1557.550885,1057.550885
4002,4800,-1,500,0,-126.6043056,1L,288.2,6,146.0192308,15,583.322384,83.32238401
4002,4800,-1,500,500,0,1L,288.2,6,282.2192308,15,801.7515993,301.7515993
4002,4800,-1,500,1000,126.6043056,1L,288.2,7,420.8538462,16,1136.793324,636.7933239
4002,4800,-1,500,1500,249.4134393,1L,288.2,8,559.5884615,17,1556.787878,1056.787878
5002,800,0.7071,500,0,-101.4813315,1L,288.2,7.2,256.9340708,18.9656074,751.636967,251.636967
5002,800,0.7071,500,500,0,1L,288.2,8.1,374.0217418,19.96379726,1012.164521,512.1645213
5002,800,0.7071,500,1000,101.4813315,1L,288.2,9,495.6012671,20.96198713,1355.541834,855.5418343
5002,800,0.7071,500,1500,200.9871431,1L,288.2,10.8,624.1681215,22.95836685,1775.779767,1275.779767
5002,1600,1,500,0,-101.4813315,1L,288.2,8,257.4,19,753,253
5002,1600,1,500,500,0,1L,288.2,9,374.7,20,1014,514
5002,1600,1,500,1000,101.4813315,1L,288.2,10,496.5,21,1358,858
5002,1600,1,500,1500,200.9871431,1L,288.2,12,625.3,23,1779,1279
5002,4000,-0.7071,500,0,-101.4813315,1L,288.2,7.2,258.4871681,19.0802494,756.1804103,256.1804103
5002,4000,-0.7071,500,500,0,1L,288.2,7.2,376.2826026,20.08447305,1018.282784,518.2827836
5002,4000,-0.7071,500,1000,101.4813315,1L,288.2,8.1,498.5970434,21.0886967,1363.73572,863.73572
5002,4000,-0.7071,500,1500,200.9871431,1L,288.2,9,627.9410499,23.09714401,1786.513878,1286.513878
5002,4800,-1,500,0,-101.4813315,1L,288.2,8,259.9576923,19,757.8001675,257.8001675
5002,4800,-1,500,500,0,1L,288.2,9,377.3923077,20,1021.274069,521.2740688
5002,4800,-1,500,1000,101.4813315,1L,288.2,10,499.3269231,21,1365.825027,865.8250269
5002,4800,-1,500,1500,200.9871431,1L,288.2,12,628.3961538,23,1787.482843,1287.482843
6002,800,0.7071,500,0,-84.65887361,1L,288.2,9.9,382.5063556,24.95474658,1034.124698,534.1246983
6002,800,0.7071,500,500,0,1L,288.2,10.8,496.3,25.95293644,1357.538214,857.538214
6002,800,0.7071,500,1000,84.65887361,1L,288.2,13.5,624.7670354,27.94931617,1777.776146,1277.776146
6002,1600,1,500,0,-84.65887361,1L,288.2,11,383.2,25,1036,536
6002,1600,1,500,500,0,1L,288.2,12,497.2,26,1360,860
6002,1600,1,500,1000,84.65887361,1L,288.2,15,625.9,28,1781,1281
6002,4000,-0.7071,500,0,-84.65887361,1L,288.2,10.8,384.8185036,25.10559131,1040.375704,540.3757039
6002,4000,-0.7071,500,500,0,1L,288.2,9.9,499.3,26.10981496,1365.744167,865.7441673
6002,4000,-0.7071,500,1000,84.65887361,1L,288.2,10.8,628.5435841,28.11826227,1788.522325,1288.522325
6002,4800,-1,500,0,-84.65887361,1L,288.2,11,386.5653846,25,1044.91858,544.9185802
6002,4800,-1,500,500,0,1L,288.2,12,500.7,26,1370.042104,870.0421036
6002,4800,-1,500,1000,84.65887361,1L,288.2,15,629.6692308,28,1791.856958,1291.856958
3001,800,0.7071,500,500,0,2L,426.3,2.7,100.1391155,7.987167736,580.0680568,80.06805683
3001,800,0.7071,500,1000,168.1640203,2L,426.3,2.7,269.4670715,7.987167736,998.395967,498.395967
3001,1600,1,500,500,0,2L,426.3,3,100.3,8,581,81
3001,1600,1,500,1000,168.1640203,2L,426.3,3,269.9,8,1000,500
3001,4000,-0.7071,500,500,0,2L,426.3,2.7,101.5740392,8.01285288,585.6921933,85.69219327
3001,4000,-0.7071,500,1000,168.1640203,2L,426.3,2.7,271.4465203,8.01285288,1012.566319,512.5663187
3001,4800,-1,500,500,0,2L,426.3,3,101.4111111,8,584.7527237,84.75272366
3001,4800,-1,500,1000,168.1640203,2L,426.3,3,271.0111111,8,1010.942129,510.9421289
4002,800,0.7071,500,0,-126.6043056,2L,426.3,3.6,15.2754583,10.98235564,501.1947754,1.194775435
4002,800,0.7071,500,500,0,2L,426.3,3.6,142.6707837,10.98235564,656.9445463,156.9445463
4002,800,0.7071,500,1000,126.6043056,2L,426.3,3.6,271.1643446,10.98235564,1013.371907,513.3719065
4002,800,0.7071,500,1500,249.4134393,2L,426.3,3.6,396.5628781,10.98235564,1497.593951,997.5939505
4002,1600,1,500,0,-126.6043056,2L,426.3,4,15.3,11,502,2
4002,1600,1,500,500,0,2L,426.3,4,142.9,11,658,158
4002,1600,1,500,1000,126.6043056,2L,426.3,4,271.6,11,1015,515
4002,1600,1,500,1500,249.4134393,2L,426.3,4,397.2,11,1500,1000
4002,4000,-0.7071,500,0,-126.6043056,2L,426.3,3.6,16.85481345,11.01767271,501.3030318,1.303031793
4002,4000,-0.7071,500,500,0,2L,426.3,3.6,144.6598169,11.01767271,663.2757839,163.2757839
4002,4000,-0.7071,500,1000,126.6043056,2L,426.3,3.6,273.5665876,11.01767271,1019.817086,519.8170864
4002,4000,-0.7071,500,1500,249.4134393,2L,426.3,3.6,399.3683778,11.01767271,1522.189086,1022.189086
4002,4800,-1,500,0,-126.6043056,2L,426.3,4,16.82777778,11,500.4989252,0.498925188
4002,4800,-1,500,500,0,2L,426.3,4,144.4277778,11,662.2118676,162.2118676
4002,4800,-1,500,1000,126.6043056,2L,426.3,4,273.1277778,11,1018.181266,518.1812661
4002,4800,-1,500,1500,249.4134393,2L,426.3,4,398.7277778,11,1519.747445,1019.747445
5002,800,0.7071,500,0,-101.4813315,2L,426.3,4.5,86.86044913,13.97754354,561.0985335,61.09853346
5002,800,0.7071,500,500,0,2L,426.3,4.5,189.8949129,13.97754354,767.7664986,267.7664986
5002,800,0.7071,500,1000,101.4813315,2L,426.3,4.5,293.9277727,13.97754354,1093.243584,593.2435839
5002,800,0.7071,500,1500,200.9871431,2L,426.3,4.5,396.7625573,14.97593951,1512.56989,1012.56989
5002,1600,1,500,0,-101.4813315,2L,426.3,5,87,14,562,62
5002,1600,1,500,500,0,2L,426.3,5,190.2,14,769,269
5002,1600,1,500,1000,101.4813315,2L,426.3,5,294.4,14,1095,595
5002,1600,1,500,1500,200.9871431,2L,426.3,5,397.4,15,1515,1015
5002,4000,-0.7071,500,0,-101.4813315,2L,426.3,4.5,89.08734348,14.02249254,567.4426724,67.44267243
5002,4000,-0.7071,500,500,0,2L,426.3,4.5,192.4531456,14.02249254,774.6489313,274.6489313
5002,4000,-0.7071,500,1000,101.4813315,2L,426.3,4.5,296.8205544,14.02249254,1102.152605,602.1526049
5002,4000,-0.7071,500,1500,200.9871431,2L,426.3,4.5,400.1251473,15.02409915,1525.607561,1025.607561
5002,4800,-1,500,0,-101.4813315,2L,426.3,5,88.94444444,14,566.5324757,66.53247566
5002,4800,-1,500,500,0,2L,426.3,5,192.1444444,14,773.4063689,273.4063689
5002,4800,-1,500,1000,101.4813315,2L,426.3,5,296.3444444,14,1100.384716,600.3847157
5002,4800,-1,500,1500,200.9871431,2L,426.3,5,399.4833333,15,1523.160436,1023.160436
6002,800,0.7071,500,0,-84.65887361,2L,426.3,5.4,154.6515353,17.97112741,682.9028414,182.9028414
6002,800,0.7071,500,500,0,2L,426.3,5.4,241.8115032,17.97112741,917.5258937,417.5258937
6002,800,0.7071,500,1000,84.65887361,2L,426.3,6.3,329.9698671,17.97112741,1230.023831,730.0238313
6002,800,0.7071,500,1500,168.1640203,2L,426.3,6.3,418.0283914,18.96952337,1609.414299,1109.414299
6002,1600,1,500,0,-84.65887361,2L,426.3,6,154.9,18,684,184
6002,1600,1,500,500,0,2L,426.3,6,242.2,18,919,419
6002,1600,1,500,1000,84.65887361,2L,426.3,7,330.5,18,1232,732
6002,1600,1,500,1500,168.1640203,2L,426.3,7,418.7,19,1612,1112
6002,4000,-0.7071,500,0,-84.65887361,2L,426.3,5.4,157.6528804,18.02891898,690.9859863,190.9859863
6002,4000,-0.7071,500,500,0,2L,426.3,5.4,245.0931375,18.02891898,926.1070992,426.1070992
6002,4000,-0.7071,500,1000,84.65887361,2L,426.3,6.3,333.5350011,18.02891898,1242.252106,742.2521061
6002,4000,-0.7071,500,1500,168.1640203,2L,426.3,6.3,422.0158162,19.03052559,1626.348038,1126.348038
6002,4800,-1,500,0,-84.65887361,2L,426.3,6,157.4,18,689.877622,189.877622
6002,4800,-1,500,500,0,2L,426.3,6,244.7,18,924.6215929,424.6215929
6002,4800,-1,500,1000,84.65887361,2L,426.3,7,333,18,1240.259493,740.2594927
6002,4800,-1,500,1500,168.1640203,2L,426.3,7,421.3388889,19,1623.739322,1123.739322
7003,800,0.7071,500,0,-72.60217733,2L,426.3,7.2,222.6423006,20.96631531,858.6205316,358.6205316
7003,800,0.7071,500,500,0,2L,426.3,7.2,298.9197525,21.96471127,1112.213107,612.2131072
7003,800,0.7071,500,1000,72.60217733,2L,426.3,7.2,376.4951192,21.96471127,1422.714253,922.714253
7003,800,0.7071,500,1500,144.4740631,2L,426.3,8.1,454.8692026,22.96310724,1785.131989,1285.131989
7003,1600,1,500,0,-72.60217733,2L,426.3,8,223,21,860,360
7003,1600,1,500,500,0,2L,426.3,8,299.4,22,1114,614
7003,1600,1,500,1000,72.60217733,2L,426.3,8,377.1,22,1425,925
7003,1600,1,500,1500,144.4740631,2L,426.3,9,455.6,23,1788,1288
7003,4000,-0.7071,500,0,-72.60217733,2L,426.3,7.2,226.2796267,21.03373881,868.6486256,368.6486256
7003,4000,-0.7071,500,500,0,2L,426.3,7.2,302.9414837,22.03534542,1124.664843,624.6648433
7003,4000,-0.7071,500,1000,72.60217733,2L,426.3,7.2,380.7663173,22.03534542,1439.547735,939.5477348
7003,4000,-0.7071,500,1500,144.4740631,2L,426.3,8.1,459.5315482,23.03695203,1806.981673,1306.981673
7003,4800,-1,500,0,-72.60217733,2L,426.3,8,225.9166667,21,867.2552846,367.2552846
7003,4800,-1,500,500,0,2L,426.3,8,302.4555556,22,1122.860844,622.8608438
7003,4800,-1,500,1000,72.60217733,2L,426.3,8,380.1555556,22,1437.238653,937.2386527
7003,4800,-1,500,1500,144.4740631,2L,426.3,9,458.7944444,23,1804.083214,1304.083214
8003,800,0.7071,500,0,-63.55550631,2L,426.3,8.1,293.4285747,24.95989918,1092.245188,592.2451879
8003,800,0.7071,500,500,0,2L,426.3,9,362.6174152,25.95829514,1363.808891,863.8088909
8003,800,0.7071,500,1000,63.55550631,2L,426.3,9,433.5035289,25.95829514,1682.297204,1182.297204
8003,800,0.7071,500,1500,126.6199627,2L,426.3,9.9,505.3880385,26.95669111,2044.71494,1544.71494
8003,1600,1,500,0,-63.55550631,2L,426.3,9,293.9,25,1094,594
8003,1600,1,500,500,0,2L,426.3,10,363.2,26,1366,866
8003,1600,1,500,1000,63.55550631,2L,426.3,10,434.2,26,1685,1185
8003,1600,1,500,1500,126.6199627,2L,426.3,11,506.2,27,2048,1548
8003,4000,-0.7071,500,0,-63.55550631,2L,426.3,8.1,297.8499834,25.04016525,1105.914612,605.9146118
8003,4000,-0.7071,500,500,0,2L,426.3,9,367.4004335,26.04177186,1381.852396,881.8523958
8003,4000,-0.7071,500,1000,63.55550631,2L,426.3,9,438.5145028,26.04177186,1704.579963,1204.579963
8003,4000,-0.7071,500,1500,126.6199627,2L,426.3,9.9,510.7692908,27.04337847,2068.642567,1568.642567
8003,4800,-1,500,0,-63.55550631,2L,426.3,9,297.3722222,25,1104.140688,604.1406883
8003,4800,-1,500,500,0,2L,426.3,10,366.8111111,26,1379.635859,879.6358589
8003,4800,-1,500,1000,63.55550631,2L,426.3,10,437.8111111,26,1701.845761,1201.845761
8003,4800,-1,500,1500,126.6199627,2L,426.3,11,509.95,27,2065.324396,1565.324396
9004,800,0.7071,500,0,-56.50525132,2L,426.3,10.8,370.3050642,29.95187901,1396.755958,896.7559578
9004,800,0.7071,500,500,0,2L,426.3,10.8,435.7,29.95187901,1692.281164,1192.281164
9004,800,0.7071,500,1000,56.50525132,2L,426.3,11.7,503.6907654,30.95027498,2033.732585,1533.732585
9004,800,0.7071,500,1500,112.6648543,2L,426.3,12.6,574.7765582,31.94867094,2419.113428,1919.113428
9004,1600,1,500,0,-56.50525132,2L,426.3,12,370.9,30,1399,899
9004,1600,1,500,500,0,2L,426.3,12,436.4,30,1695,1195
9004,1600,1,500,1000,56.50525132,2L,426.3,13,504.5,31,2037,1537
9004,1600,1,500,1500,112.6648543,2L,426.3,14,575.7,32,2423,1923
9004,4000,-0.7071,500,0,-56.50525132,2L,426.3,10.8,375.6692525,30.0481983,1417.376932,917.3769318
9004,4000,-0.7071,500,500,0,2L,426.3,10.8,441.2744855,30.0481983,1717.854628,1217.854628
9004,4000,-0.7071,500,1000,56.50525132,2L,426.3,11.7,509.6230077,31.04980491,2062.61326,1562.61326
9004,4000,-0.7071,500,1500,112.6648543,2L,426.3,12.6,581.0765103,32.05141152,2452.176256,1952.176256
9004,4800,-1,500,0,-56.50525132,2L,426.3,12,375.0666667,30,1415.103412,915.1034124
9004,4800,-1,500,500,0,2L,426.3,12,440.5666667,30,1715.099132,1215.099132
9004,4800,-1,500,1000,56.50525132,2L,426.3,13,508.8055556,31,2059.304761,1559.304761
9004,4800,-1,500,1500,112.6648543,2L,426.3,14,580.1444444,32,2448.242884,1948.242884
10004,800,0.7071,500,0,-50.86689109,2L,426.3,12.6,458.7629468,34.94385885,1805.099908,1305.099908
10004,800,0.7071,500,500,0,2L,426.3,13.5,525.1562786,35.94225481,2146.551329,1646.551329
10004,800,0.7071,500,1000,50.86689109,2L,426.3,15.3,597.3403071,36.94065078,2546.908112,2046.908112
10004,800,0.7071,500,1500,101.4813315,2L,426.3,17.1,681.4052475,39.93583868,3042.112511,2542.112511
10004,1600,1,500,0,-50.86689109,2L,426.3,14,459.5,35,1808,1308
10004,1600,1,500,500,0,2L,426.3,15,526,36,2150,1650
10004,1600,1,500,1000,50.86689109,2L,426.3,17,598.3,37,2551,2051
10004,1600,1,500,1500,101.4813315,2L,426.3,19,682.5,40,3047,2547
10004,4000,-0.7071,500,0,-50.86689109,2L,426.3,12.6,465.1071583,35.05623135,1834.647006,1334.647006
10004,4000,-0.7071,500,500,0,2L,426.3,13.5,531.8531099,36.05783796,2180.882882,1680.882882
10004,4000,-0.7071,500,1000,50.86689109,2L,426.3,15.3,604.4083799,37.05944457,2584.872468,2084.872468
10004,4000,-0.7071,500,1500,101.4813315,2L,426.3,17.1,689.1609925,40.0642644,3085.256841,2585.256841
10004,4800,-1,500,0,-50.86689109,2L,426.3,14,464.3611111,35,1831.704172,1331.704172
10004,4800,-1,500,500,0,2L,426.3,15,531,36,2177.384673,1677.384673
10004,4800,-1,500,1000,50.86689109,2L,426.3,17,603.4388889,37,2580.726247,2080.726247
10004,4800,-1,500,1500,101.4813315,2L,426.3,19,688.0555556,40,3080.307987,2580.307987
4002,800,0.7071,500,500,0,3H,568.7,2.7,77.56836086,7.986446421,584.0088945,84.00889454
4002,1600,1,500,500,0,3H,568.7,3,77.7,8,585,85
4002,4000,-0.7071,500,500,0,3H,568.7,2.7,78.97157121,8.01357658,588.0763241,88.07632411
4002,4000,-0.7071,500,1000,126.6043056,3H,568.7,2.7,206.2872691,8.01357658,1002.661903,502.6619031
4002,4800,-1,500,500,0,3H,568.7,3,78.83777778,8,587.0800067,87.08000675
4002,4800,-1,500,1000,126.6043056,3H,568.7,3,205.9377778,8,1000.963196,500.963196
5002,800,0.7071,500,500,0,3H,568.7,2.7,103.5243117,9.983058026,645.9038543,145.9038543
5002,800,0.7071,500,1000,101.4813315,3H,568.7,2.7,205.4513342,10.98136383,1008.288861,508.2888607
5002,1600,1,500,500,0,3H,568.7,3,103.7,10,647,147
5002,1600,1,500,1000,101.4813315,3H,568.7,3,205.8,11,1010,510
5002,4000,-0.7071,500,0,-101.4813315,3H,568.7,2.7,3.528199689,10.01697073,483.5155444,-16.48445559
5002,4000,-0.7071,500,500,0,3H,568.7,2.7,105.3006223,10.01697073,650.6211205,150.6211205
5002,4000,-0.7071,500,1000,101.4813315,3H,568.7,2.7,207.716357,11.0186678,1008.827351,508.8273507
5002,4000,-0.7071,500,1500,200.9871431,3H,568.7,3.6,308.5872522,11.0186678,1517.107399,1017.107399
5002,4800,-1,500,0,-101.4813315,3H,568.7,3,3.522222222,10,482.6963736,-17.30362636
5002,4800,-1,500,500,0,3H,568.7,3,105.1222222,10,649.5188399,149.5188399
5002,4800,-1,500,1000,101.4813315,3H,568.7,3,207.3644444,11,1007.118198,507.118198
5002,4800,-1,500,1500,200.9871431,3H,568.7,4,308.0644444,11,1514.537119,1014.537119
7003,800,0.7071,500,0,-72.60217733,3H,568.7,4.5,94.14023719,15.97289284,621.944515,121.944515
7003,800,0.7071,500,500,0,3H,568.7,4.5,167.0165608,15.97289284,851.5548496,351.5548496
7003,800,0.7071,500,1000,72.60217733,3H,568.7,5.4,240.5916984,16.97119864,1172.011012,672.0110123
7003,800,0.7071,500,1500,144.4740631,3H,568.7,5.4,314.0670055,16.97119864,1563.346887,1063.346887
7003,1600,1,500,0,-72.60217733,3H,568.7,5,94.3,16,623,123
7003,1600,1,500,500,0,3H,568.7,5,167.3,16,853,353
7003,1600,1,500,1000,72.60217733,3H,568.7,6,241,17,1174,674
7003,1600,1,500,1500,144.4740631,3H,568.7,6,314.6,17,1566,1066
7003,4000,-0.7071,500,0,-72.60217733,3H,568.7,4.5,96.73945128,16.02715316,628.87496,128.87496
7003,4000,-0.7071,500,500,0,3H,568.7,4.5,169.8633376,16.02715316,856.2305307,356.2305307
7003,4000,-0.7071,500,1000,72.60217733,3H,568.7,5.4,243.8308754,17.02885023,1174.672478,674.6724783
7003,4000,-0.7071,500,1500,144.4740631,3H,568.7,5.4,317.5557799,17.02885023,1568.736217,1068.736217
7003,4800,-1,500,0,-72.60217733,3H,568.7,5,96.57555556,16,627.8095217,127.8095217
7003,4800,-1,500,500,0,3H,568.7,5,169.5755556,16,854.7799072,354.7799072
7003,4800,-1,500,1000,72.60217733,3H,568.7,6,243.4177778,17,1172.682351,672.6823512
7003,4800,-1,500,1500,144.4740631,3H,568.7,6,317.0177778,17,1566.078468,1066.078468
8003,800,0.7071,500,0,-63.55550631,3H,568.7,6.3,140.8609488,19.96611605,757.7141042,257.7141042
8003,800,0.7071,500,500,0,3H,568.7,6.3,205.1518424,19.96611605,1007.290555,507.2905548
8003,800,0.7071,500,1000,63.55550631,3H,568.7,6.3,269.941889,19.96611605,1319.760271,819.7602711
8003,800,0.7071,500,1500,126.6199627,3H,568.7,7.2,335.0314274,19.96611605,1687.136806,1187.136806
8003,1600,1,500,0,-63.55550631,3H,568.7,7,141.1,20,759,259
8003,1600,1,500,500,0,3H,568.7,7,205.5,20,1009,509
8003,1600,1,500,1000,63.55550631,3H,568.7,7,270.4,20,1322,822
8003,1600,1,500,1500,126.6199627,3H,568.7,8,335.6,20,1690,1190
8003,4000,-0.7071,500,0,-63.55550631,3H,568.7,6.3,144.1887286,20.03394145,765.899031,265.899031
8003,4000,-0.7071,500,500,0,3H,568.7,6.3,208.6980201,20.03394145,1013.080425,513.0804252
8003,4000,-0.7071,500,1000,63.55550631,3H,568.7,6.3,273.7081601,20.03394145,1325.815676,825.8156763
8003,4000,-0.7071,500,1500,126.6199627,3H,568.7,7.2,339.0188092,20.03394145,1696.136478,1196.136478
8003,4800,-1,500,0,-63.55550631,3H,568.7,7,143.9444444,20,764.6014468,264.6014468
8003,4800,-1,500,500,0,3H,568.7,7,208.3444444,20,1011.364067,511.364067
8003,4800,-1,500,1000,63.55550631,3H,568.7,7,273.2444444,20,1323.569483,823.5694829
8003,4800,-1,500,1500,126.6199627,3H,568.7,8,338.4444444,20,1693.262888,1193.262888
9003,800,0.7071,500,0,-56.51151472,3H,568.7,7.2,189.9775942,22.96103346,942.4006777,442.4006777
8997,2100,0.8819,0,0,0,3H,568.7,8,255.4,24,735,735
9003,800,0.7071,500,1000,56.51151472,3H,568.7,7.2,305.9807285,22.96103346,1517.42482,1017.42482
9003,800,0.7071,500,1500,112.6772666,3H,568.7,8.1,364.6811097,23.95933926,1868.828463,1368.828463
9003,1600,1,500,0,-56.51151472,3H,568.7,8,190.3,23,944,444
9003,800,0.7071,500,500,0,3H,568.7,7.2,247.6796696,22.96103346,1205.95341,705.9534096
9003,1600,1,500,1000,56.51151472,3H,568.7,8,306.5,23,1520,1020
9003,1600,1,500,1500,112.6772666,3H,568.7,9,365.3,24,1872,1372
9003,4000,-0.7071,500,0,-56.51151472,3H,568.7,7.2,193.8996153,23.03903267,950.5277303,450.5277303
9003,1600,1,500,500,0,3H,568.7,8,248.1,23,1208,708
9003,4000,-0.7071,500,1000,56.51151472,3H,568.7,7.2,310.2968152,23.03903267,1526.873974,1026.873974
9003,4000,-0.7071,500,1500,112.6772666,3H,568.7,8.1,369.3390666,24.04072974,1884.882949,1384.882949
9003,4800,-1,500,0,-56.51151472,3H,568.7,8,193.5711111,23,948.9173487,448.9173487
9003,4000,-0.7071,500,500,0,3H,568.7,7.2,251.7977061,23.03903267,1213.778843,713.7788427
9003,4800,-1,500,1000,56.51151472,3H,568.7,8,309.7711111,23,1524.287148,1024.287148
9003,4800,-1,500,1500,112.6772666,3H,568.7,9,368.7133333,24,1881.689585,1381.689585
9003,4800,-1,500,500,0,3H,568.7,8,251.3711111,23,1211.722462,711.7224618
9005,1600,1,0,0,0,3H,568.7,8,255.3,24,735,735
10004,800,0.7071,500,0,-50.86689109,3H,568.7,9,242.0891571,26.95425667,1178.999153,678.9991529
9998,800,0.7071,0,0,0,3H,568.7,9,303.5,27,989,989
10004,800,0.7071,500,1000,50.86689109,3H,568.7,9,347.6100805,26.95425667,1766.002965,1266.002965
10004,800,0.7071,500,1500,101.4813315,3H,568.7,9,402.2174079,27.95256247,2111.416773,1611.416773
10004,1600,1,500,0,-50.86689109,3H,568.7,10,242.5,27,1181,681
10004,800,0.7071,500,500,0,3H,568.7,9,294.6998729,26.95425667,1454.531554,954.5315544
10004,1600,1,500,1000,50.86689109,3H,568.7,10,348.2,27,1769,1269
10004,1600,1,500,1500,101.4813315,3H,568.7,10,402.9,28,2115,1615
10004,4000,-0.7071,500,0,-50.86689109,3H,568.7,9,246.7580569,27.04582096,1188.937923,688.9379232
10004,1600,1,500,500,0,3H,568.7,10,295.2,27,1457,957
10004,4000,-0.7071,500,1000,50.86689109,3H,568.7,9,352.6374374,27.04582096,1779.682413,1279.682413
10004,4000,-0.7071,500,1500,101.4813315,3H,568.7,9,407.5727309,28.04751803,2136.36956,1636.36956
10004,4800,-1,500,0,-50.86689109,3H,568.7,10,246.34,27,1186.923628,686.9236277
10004,4000,-0.7071,500,500,0,3H,568.7,9,299.5474926,27.04582096,1466.0585,966.0585
10004,4800,-1,500,1000,50.86689109,3H,568.7,10,352.04,27,1776.667279,1276.667279
10004,4800,-1,500,1500,101.4813315,3H,568.7,10,406.8822222,28,2132.750128,1632.750128
12004,800,0.7071,500,0,-42.40266487,3H,568.7,11.7,358.6912749,34.94070309,1830.892842,1330.892842
10004,4800,-1,500,500,0,3H,568.7,10,299.04,27,1463.574708,963.5747076
12004,800,0.7071,500,1000,42.40266487,3H,568.7,12.6,452.7316815,35.93900889,2457.828886,1957.828886
12004,800,0.7071,500,1500,84.65887361,3H,568.7,13.5,501.4490047,35.93900889,2813.225752,2313.225752
12004,1600,1,500,0,-42.40266487,3H,568.7,13,359.3,35,1834,1334
12004,800,0.7071,500,500,0,3H,568.7,12.6,405.1124947,34.94070309,2131.382889,1631.382889
12004,1600,1,500,1000,42.40266487,3H,568.7,14,453.5,36,2462,1962
12004,1600,1,500,1500,84.65887361,3H,568.7,15,502.3,36,2818,2318
12004,4000,-0.7071,500,0,-42.40266487,3H,568.7,11.7,364.8959836,35.05939754,1856.608881,1356.608881
12004,1600,1,500,500,0,3H,568.7,14,405.8,35,2135,1635
12004,4000,-0.7071,500,1000,42.40266487,3H,568.7,12.6,459.3983114,36.06109461,2498.486814,1998.486814
12004,4000,-0.7071,500,1500,84.65887361,3H,568.7,13.5,508.2811286,36.06109461,2859.056751,2359.056751
12004,4800,-1,500,0,-42.40266487,3H,568.7,13,364.2777778,35,1853.463419,1353.463419
12004,4000,-0.7071,500,500,0,3H,568.7,12.6,411.4748975,35.05939754,2162.823249,1662.823249
12004,4800,-1,500,1000,42.40266487,3H,568.7,14,458.62,36,2494.253884,1994.253884
12004,4800,-1,500,1500,84.65887361,3H,568.7,15,507.42,36,2854.212945,2354.212945
13005,800,0.7071,500,0,-39.14226076,3H,568.7,14.4,426.0769166,38.9339263,2273.142313,1773.142313
12004,4800,-1,500,500,0,3H,568.7,14,410.7777778,35,2159.158999,1659.158999
13005,800,0.7071,500,1000,39.14226076,3H,568.7,15.3,518.4202033,40.93053791,2941.008895,2441.008895
13005,800,0.7071,500,1500,78.16925918,3H,568.7,16.2,567.4370182,40.93053791,3322.361711,2822.361711
13005,1600,1,500,0,-39.14226076,3H,568.7,16,426.8,39,2277,1777
13005,800,0.7071,500,500,0,3H,568.7,14.4,471.4,39.93223211,2591.601864,2091.601864
13005,1600,1,500,1000,39.14226076,3H,568.7,17,519.3,41,2946,2446
13005,1600,1,500,1500,78.16925918,3H,568.7,18,568.4,41,3328,2828
13005,4000,-0.7071,500,0,-39.14226076,3H,568.7,14.4,433.0803903,39.06618583,2311.755392,1811.755392
13005,1600,1,500,500,0,3H,568.7,16,472.2,40,2596,2096
13005,4000,-0.7071,500,1000,39.14226076,3H,568.7,15.3,526.0222967,41.06957997,2993.793683,2493.793683
13005,4000,-0.7071,500,1500,78.16925918,3H,568.7,16.2,575.205623,41.06957997,3376.228769,2876.228769
13005,4800,-1,500,0,-39.14226076,3H,568.7,16,432.3466667,39,2307.838822,1807.838822
13005,4000,-0.7071,500,500,0,3H,568.7,14.4,478.699901,40.0678829,2638.854519,2138.854519
13005,4800,-1,500,1000,39.14226076,3H,568.7,17,525.1311111,41,2988.721606,2488.721606
13005,4800,-1,500,1500,78.16925918,3H,568.7,18,574.2311111,41,3370.508772,2870.508772
14005,800,0.7071,500,0,-36.34984652,3H,568.7,17.1,503.6452774,44.92376112,2829.198645,2329.198645
13005,4800,-1,500,500,0,3H,568.7,16,477.8888889,40,2634.383779,2134.383779
14005,800,0.7071,500,1000,36.34984652,3H,568.7,18.9,600.6806014,45.92206692,3588.90936,3088.90936
14005,800,0.7071,500,1500,72.6073438,3H,568.7,19.8,656.4858958,47.91867853,4050.126641,3550.126641
14005,1600,1,500,0,-36.34984652,3H,568.7,19,504.5,45,2834,2334
14005,800,0.7071,500,500,0,3H,568.7,17.1,550.365989,44.92376112,3187.590428,2687.590428
14005,1600,1,500,1000,36.34984652,3H,568.7,21,601.7,46,3595,3095
14005,1600,1,500,1500,72.6073438,3H,568.7,22,657.6,48,4057,3557
14005,4000,-0.7071,500,0,-36.34984652,3H,568.7,17.1,511.7670344,45.07636826,2885.380744,2385.380744
14005,1600,1,500,500,0,3H,568.7,19,551.3,45,3193,2693
14005,4000,-0.7071,500,1000,36.34984652,3H,568.7,18.9,609.2744534,46.07806534,3647.399928,3147.399928
14005,4000,-0.7071,500,1500,72.6073438,3H,568.7,19.8,665.5542469,48.08145948,4103.083832,3603.083832
14005,4800,-1,500,0,-36.34984652,3H,568.7,19,510.9,45,2880.49234,2380.49234
14005,4000,-0.7071,500,500,0,3H,568.7,17.1,558.6464574,45.07636826,3246.141865,2746.141865
14005,4800,-1,500,1000,36.34984652,3H,568.7,21,608.2422222,46,3641.220512,3141.220512
14005,4800,-1,500,1500,72.6073438,3H,568.7,22,664.4266667,48,4096.132398,3596.132398
8000,600,0.5556,200,1000,101.5216558,3H,568.7,7,313.5,20,1248,1048
11000,6300,-0.098,200,400,18.51780757,3H,568.7,12,375.6,31,1617,1417
14005,4800,-1,500,500,0,3H,568.7,19,557.7,45,3240.64226,2740.64226
6997,6000,-0.3827,200,1000,115.9568545,3H,568.7,6,289.1,17,1110,910
6997,2800,0.3827,0,600,87.13213752,3H,568.7,6,260.5,17,759,759
2999,1200,0.9239,200,300,33.95179659,3H,568.7,2,89.1,6,310,110
4001,1600,1,500,500,0,4H,682.7,2,52.1,6,556,56
4001,4800,-1,500,500,0,4H,682.7,2,53.03684211,6,547.562513,47.56251305
6002,1600,1,500,500,0,4H,682.7,3,87.4,11,649,149
6002,1600,1,500,1000,84.65887361,4H,682.7,3,172.4,11,1012,512
6002,4800,-1,500,500,0,4H,682.7,3,89.11754386,11,657.3114138,157.3114138
6002,4800,-1,500,1000,84.65887361,4H,682.7,3,174.1175439,11,1026.515909,526.5159086
8003,1600,1,500,0,-63.55550631,4H,682.7,5,68.6,16,595,95
8003,1600,1,500,500,0,4H,682.7,5,132.1,16,818,318
8003,1600,1,500,1000,63.55550631,4H,682.7,5,196.3,16,1142,642
8003,1600,1,500,1500,126.6199627,4H,682.7,5,260.2,16,1543,1043
8003,4800,-1,500,0,-63.55550631,4H,682.7,5,71.09824561,16,598.8132497,98.81324967
8003,4800,-1,500,500,0,4H,682.7,5,134.5982456,16,836.3604144,336.3604144
8003,4800,-1,500,1000,63.55550631,4H,682.7,5,198.7982456,16,1160.604046,660.6040464
8003,4800,-1,500,1500,126.6199627,4H,682.7,5,262.6982456,16,1558.458437,1058.458437
10004,1600,1,500,0,-50.86689109,4H,682.7,7,138.3,22,846,346
10004,1600,1,500,500,0,4H,682.7,7,189.5,22,1104,604
10004,1600,1,500,1000,50.86689109,4H,682.7,7,241.1,22,1416,916
10004,1600,1,500,1500,101.4813315,4H,682.7,7,292.9,22,1774,1274
10004,4800,-1,500,0,-50.86689109,4H,682.7,7,141.7350877,22,868.3904557,368.3904557
10004,4800,-1,500,500,0,4H,682.7,7,192.9350877,22,1127.718653,627.7186526
10004,4800,-1,500,1000,50.86689109,4H,682.7,7,244.5350877,22,1438.260337,938.2603367
10004,4800,-1,500,1500,101.4813315,4H,682.7,7,296.3350877,22,1795.014641,1295.014641
12000,1600,1,500,0,-42.41678276,4H,682.7,10,218.7,28,1274,774
12000,4800,-1,500,0,-42.41678276,4H,682.7,10,223.0719298,28,1303.387648,803.3876484
12005,1600,1,500,500,0,4H,682.7,10,261.8,29,1554,1054
12005,1600,1,500,1000,42.39913687,4H,682.7,10,305.4,29,1866,1366
12005,1600,1,500,1500,84.65185407,4H,682.7,10,349.6,29,2209,1709
12005,4800,-1,500,500,0,4H,682.7,10,266.3280702,29,1583.126532,1083.126532
12005,4800,-1,500,1000,42.39913687,4H,682.7,10,309.9280702,29,1895.51618,1395.51618
12005,4800,-1,500,1500,84.65185407,4H,682.7,10,354.1280702,29,2240.525118,1740.525118
14005,1600,1,500,0,-36.34984652,4H,682.7,13,312.9,36,1922,1422
14005,1600,1,500,500,0,4H,682.7,13,351.1,36,2221,1721
14005,1600,1,500,1000,36.34984652,4H,682.7,13,389.9,37,2543,2043
14005,1600,1,500,1500,72.6073438,4H,682.7,14,429.4,37,2887,2387
14005,4800,-1,500,0,-36.34984652,4H,682.7,13,318.5210526,36,1960.4468,1460.4468
14005,4800,-1,500,500,0,4H,682.7,13,356.7210526,36,2261.588743,1761.588743
14005,4800,-1,500,1000,36.34984652,4H,682.7,13,395.677193,37,2588.250281,2088.250281
14005,4800,-1,500,1500,72.6073438,4H,682.7,14,435.177193,37,2937.604847,2437.604847
16000,4800,-1,500,0,-31.82063304,4H,682.7,17,433.6263158,45,2923.569335,2423.569335
16006,1600,1,500,0,-31.80871253,4H,682.7,17,426.6,45,2863,2363
16006,1600,1,500,500,0,4H,682.7,18,462.6,45,3189,2689
16006,1600,1,500,1000,31.80871253,4H,682.7,18,499.6,46,3538,3038
16006,1600,1,500,1500,63.55550631,4H,682.7,19,537.7,46,3910,3410
16006,4800,-1,500,500,0,4H,682.7,18,469.6263158,45,3255.575103,2755.575103
16006,4800,-1,500,1000,31.80871253,4H,682.7,18,506.7824561,46,3610.746566,3110.746566
16006,4800,-1,500,1500,63.55550631,4H,682.7,19,544.8824561,46,3986.335053,3486.335053
18006,1600,1,500,0,-28.27751716,4H,682.7,24,576.8,56,4302,3802
18006,1600,1,500,500,0,4H,682.7,25,616.8,57,4715,4215
18006,1600,1,500,1000,28.27751716,4H,682.7,26,660.6,58,5177,4677
18006,1600,1,500,1500,56.51151472,4H,682.7,28,711.4,60,5725,5225
18006,4800,-1,500,0,-28.27751716,4H,682.7,24,585.5438596,56,4397.813042,3897.813042
18006,4800,-1,500,500,0,4H,682.7,25,625.7,57,4812.788707,4312.788707
18006,4800,-1,500,1000,28.27751716,4H,682.7,26,669.6561404,58,5274.248945,4774.248945
18006,4800,-1,500,1500,56.51151472,4H,682.7,28,720.7684211,60,5816.622693,5316.622693
11996,2100,0.8819,0,1000,84.71507178,4H,682.7,11,360.9,30,1767,1767
7003,800,0.7071,500,0,-72.60217733,5H,790.7,3.6,5.595268938,10.99070684,500.5767389,0.576738947
7003,800,0.7071,500,500,0,5H,790.7,3.6,77.83418755,10.99070684,657.4441003,157.4441003
7003,800,0.7071,500,1000,72.60217733,5H,790.7,3.6,150.3728527,10.99070684,1015.14165,515.1416502
7003,800,0.7071,500,1500,144.4740631,5H,790.7,3.6,222.4119403,10.99070684,1498.732751,998.7327513
7003,1600,1,500,0,-72.60217733,5H,790.7,4,5.6,11,501,1
7003,1600,1,500,500,0,5H,790.7,4,77.9,11,658,158
7003,1600,1,500,1000,72.60217733,5H,790.7,4,150.5,11,1016,516
7003,1600,1,500,1500,144.4740631,5H,790.7,4,222.6,11,1500,1000
7003,4000,-0.7071,500,0,-72.60217733,5H,790.7,3.6,7.018655562,10.99070684,478.3830549,-21.61694508
7003,4000,-0.7071,500,500,0,5H,790.7,3.6,79.25757418,10.99070684,674.4200122,174.4200122
7003,4000,-0.7071,500,1000,72.60217733,5H,790.7,3.6,151.7962393,10.99070684,1028.968201,528.9682015
7003,4000,-0.7071,500,1500,144.4740631,5H,790.7,3.6,223.8353269,10.99070684,1518.741637,1018.741637
7003,4800,-1,500,0,-72.60217733,5H,790.7,4,7.024590164,11,478.7875502,-21.21244983
7003,4800,-1,500,500,0,5H,790.7,4,79.32459016,11,674.9902659,174.9902659
7003,4800,-1,500,1000,72.60217733,5H,790.7,4,151.9245902,11,1029.838242,529.8382422
7003,4800,-1,500,1500,144.4740631,5H,790.7,4,224.0245902,11,1520.025804,1020.025804
9003,800,0.7071,500,0,-56.51151472,5H,790.7,5.4,56.55218248,14.98732751,586.5040834,86.50408336
9003,800,0.7071,500,500,0,5H,790.7,5.4,112.5048719,14.98732751,807.3173754,307.3173754
9003,800,0.7071,500,1000,56.51151472,5H,790.7,5.4,168.8572233,14.98732751,1130.044495,630.0444945
9003,800,0.7071,500,1500,112.6772666,5H,790.7,4.5,225.0097437,14.98732751,1532.704027,1032.704027
9003,1600,1,500,0,-56.51151472,5H,790.7,6,56.6,15,587,87
9003,1600,1,500,500,0,5H,790.7,6,112.6,15,808,308
9003,1600,1,500,1000,56.51151472,5H,790.7,6,169,15,1131,631
9003,1600,1,500,1500,112.6772666,5H,790.7,5,225.2,15,1534,1034
9003,4000,-0.7071,500,0,-56.51151472,5H,790.7,5.4,58.49316424,14.98732751,601.1942301,101.1942301
9003,4000,-0.7071,500,500,0,5H,790.7,5.4,114.4458536,14.98732751,827.8457185,327.8457185
9003,4000,-0.7071,500,1000,56.51151472,5H,790.7,5.4,170.7982051,14.98732751,1145.601274,645.6012739
9003,4000,-0.7071,500,1500,112.6772666,5H,790.7,4.5,226.9507255,14.98732751,1542.730333,1042.730333
9003,4800,-1,500,0,-56.51151472,5H,790.7,6,58.54262295,15,601.702568,101.702568
9003,4800,-1,500,500,0,5H,790.7,6,114.542623,15,828.5457008,328.5457008
9003,4800,-1,500,1000,56.51151472,5H,790.7,6,170.942623,15,1146.569933,646.5699334
9003,4800,-1,500,1500,112.6772666,5H,790.7,5,227.142623,15,1544.034783,1044.034783
11004,800,0.7071,500,0,-46.25097707,5H,790.7,7.2,110.3067305,20.98225852,796.3266685,296.3266685
11004,800,0.7071,500,500,0,5H,790.7,7.2,155.7682906,20.98225852,1048.113771,548.1137708
11004,800,0.7071,500,1000,46.25097707,5H,790.7,7.2,201.7294283,20.98225852,1356.852718,856.8527175
11004,800,0.7071,500,1500,92.3120184,5H,790.7,6.3,247.690566,20.98225852,1714.550268,1214.550268
11004,1600,1,500,0,-46.25097707,5H,790.7,8,110.4,21,797,297
11004,1600,1,500,500,0,5H,790.7,8,155.9,21,1049,549
11004,1600,1,500,1000,46.25097707,5H,790.7,8,201.9,21,1358,858
11004,1600,1,500,1500,92.3120184,5H,790.7,7,247.9,21,1716,1216
11004,4000,-0.7071,500,0,-46.25097707,5H,790.7,7.2,113.024105,20.98225852,820.9531536,320.9531536
11004,4000,-0.7071,500,500,0,5H,790.7,7.2,158.4856651,20.98225852,1068.956766,568.9567665
11004,4000,-0.7071,500,1000,46.25097707,5H,790.7,7.2,204.4468028,20.98225852,1374.491423,874.491423
11004,4000,-0.7071,500,1500,92.3120184,5H,790.7,6.3,250.4079405,20.98225852,1730.31749,1230.31749
11004,4800,-1,500,0,-46.25097707,5H,790.7,8,113.1196721,21,821.6473079,321.6473079
11004,4800,-1,500,500,0,5H,790.7,8,158.6196721,21,1069.860619,569.8606194
11004,4800,-1,500,1000,46.25097707,5H,790.7,8,204.6196721,21,1375.65362,875.6536198
11004,4800,-1,500,1500,92.3120184,5H,790.7,7,250.6196721,21,1731.780554,1231.780554
13005,800,0.7071,500,0,-39.14226076,5H,790.7,9.9,171.6548578,26.97718952,1149.028443,649.0284427
13005,800,0.7071,500,500,0,5H,790.7,9,209.8225852,26.97718952,1416.802028,916.8020276
13005,800,0.7071,500,1000,39.14226076,5H,790.7,9,248.3899747,26.97718952,1720.545199,1220.545199
13005,800,0.7071,500,1500,78.16925918,5H,790.7,9,287.2571107,26.97718952,2056.261335,1556.261335
13005,1600,1,500,0,-39.14226076,5H,790.7,11,171.8,27,1150,650
13005,1600,1,500,500,0,5H,790.7,10,210,27,1418,918
13005,1600,1,500,1000,39.14226076,5H,790.7,10,248.6,27,1722,1222
13005,1600,1,500,1500,78.16925918,5H,790.7,10,287.5,27,2058,1558
13005,4000,-0.7071,500,0,-39.14226076,5H,790.7,9.9,175.148625,26.97718952,1173.610652,673.6106517
13005,4000,-0.7071,500,500,0,5H,790.7,9,213.3163524,26.97718952,1439.391953,939.3919529
13005,4000,-0.7071,500,1000,39.14226076,5H,790.7,9,251.8837418,26.97718952,1742.522102,1242.522102
13005,4000,-0.7071,500,1500,78.16925918,5H,790.7,9,290.7508778,26.97718952,2080.274606,1580.274606
13005,4800,-1,500,0,-39.14226076,5H,790.7,11,175.2967213,27,1174.602994,674.6029944
13005,4800,-1,500,500,0,5H,790.7,10,213.4967213,27,1440.609026,940.6090262
13005,4800,-1,500,1000,39.14226076,5H,790.7,10,252.0967213,27,1743.995486,1243.995486
13005,4800,-1,500,1500,78.16925918,5H,790.7,10,290.9967213,27,2082.033576,1582.033576
15005,800,0.7071,500,0,-33.92918634,5H,790.7,11.7,242.7947057,33.9712757,1674.584061,1174.584061
15005,800,0.7071,500,500,0,5H,790.7,11.7,275.7668262,33.9712757,1954.347508,1454.347508
15005,800,0.7071,500,1000,33.92918634,5H,790.7,11.7,309.2385244,33.9712757,2259.089834,1759.089834
15005,800,0.7071,500,1500,67.78324709,5H,790.7,10.8,343.009969,33.9712757,2584.814418,2084.814418
15005,1600,1,500,0,-33.92918634,5H,790.7,13,243,34,1676,1176
15005,1600,1,500,500,0,5H,790.7,13,276,34,1956,1456
15005,1600,1,500,1000,33.92918634,5H,790.7,13,309.5,34,2261,1761
15005,1600,1,500,1500,67.78324709,5H,790.7,12,343.3,34,2587,2087
15005,4000,-0.7071,500,0,-33.92918634,5H,790.7,11.7,247.1942644,33.9712757,1703.903343,1203.903343
15005,4000,-0.7071,500,500,0,5H,790.7,11.7,280.1663849,33.9712757,1985.252727,1485.252727
15005,4000,-0.7071,500,1000,33.92918634,5H,790.7,11.7,313.638083,33.9712757,2293.13957,1793.13957
15005,4000,-0.7071,500,1500,67.78324709,5H,790.7,10.8,347.4095277,33.9712757,2624.640599,2124.640599
15005,4800,-1,500,0,-33.92918634,5H,790.7,13,247.4032787,34,1705.344073,1205.344073
15005,4800,-1,500,500,0,5H,790.7,13,280.4032787,34,1986.931351,1486.931351
15005,4800,-1,500,1000,33.92918634,5H,790.7,13,313.9032787,34,2295.078527,1795.078527
15005,4800,-1,500,1500,67.78324709,5H,790.7,12,347.7032787,34,2626.859856,2126.859856
17006,800,0.7071,500,0,-29.93938268,5H,790.7,14.4,325.3249226,40.96536187,2411.960574,1911.960574
15993,4800,-1,400,400,0,5H,790.7,15,320.6,38,2241,1841
17006,800,0.7071,500,1000,29.93938268,5H,790.7,14.4,384.8745705,40.96536187,3015.450296,2515.450296
17006,800,0.7071,500,1500,59.82712267,5H,790.7,13.5,415.3488032,40.96536187,3344.172346,2844.172346
17006,1600,1,500,0,-29.93938268,5H,790.7,16,325.6,41,2414,1914
15994,1600,1,200,200,0,5H,790.7,15,323.9,38,2075,1875
17006,1600,1,500,1000,29.93938268,5H,790.7,16,385.2,41,3018,2518
17006,1600,1,500,1500,59.82712267,5H,790.7,15,415.7,41,3347,2847
17006,4000,-0.7071,500,0,-29.93938268,5H,790.7,14.4,330.6302727,40.96536187,2457.435857,1957.435857
15994,1600,1,400,400,0,5H,790.7,15,317,38,2224,1824
17006,4000,-0.7071,500,1000,29.93938268,5H,790.7,14.4,390.1799207,40.96536187,3071.555903,2571.555903
17006,4000,-0.7071,500,1500,59.82712267,5H,790.7,13.5,420.6541533,40.96536187,3406.46927,2906.46927
17006,4800,-1,500,0,-29.93938268,5H,790.7,16,330.9098361,41,2459.513734,1959.513734
15995,1600,1,0,0,0,5H,790.7,15,331,38,1927,1927
17006,4800,-1,500,1000,29.93938268,5H,790.7,16,390.5098361,41,3074.153047,2574.153047
17006,4800,-1,500,1500,59.82712267,5H,790.7,15,421.0098361,41,3409.349599,2909.349599
19007,800,0.7071,500,0,-26.78899286,5H,790.7,17.1,422.4428048,49.95775838,3423.105604,2923.105604
17006,800,0.7071,500,500,0,5H,790.7,14.4,354.8,40.96536187,2704.713039,2204.713039
19007,800,0.7071,500,1000,26.78899286,5H,790.7,17.1,478.4954097,49.95775838,4066.561532,3566.561532
19007,800,0.7071,500,1500,53.54097745,5H,790.7,17.1,507.6707406,49.95775838,4415.266685,3915.266685
19007,1600,1,500,0,-26.78899286,5H,790.7,19,422.8,50,3426,2926
17006,1600,1,500,500,0,5H,790.7,16,355.1,41,2707,2207
19007,1600,1,500,1000,26.78899286,5H,790.7,19,478.9,50,4070,3570
19007,1600,1,500,1500,53.54097745,5H,790.7,19,508.1,50,4419,3919
19007,4000,-0.7071,500,0,-26.78899286,5H,790.7,17.1,428.912744,49.95775838,3499.37753,2999.37753
17006,4000,-0.7071,500,500,0,5H,790.7,14.4,360.1053501,40.96536187,2754.29016,2254.29016
19007,4000,-0.7071,500,1000,26.78899286,5H,790.7,17.1,484.9653489,49.95775838,4151.312651,3651.312651
19007,4000,-0.7071,500,1500,53.54097745,5H,790.7,17.1,514.1406798,49.95775838,4503.442892,4003.442892
19007,4800,-1,500,0,-26.78899286,5H,790.7,19,429.2754098,50,3502.336417,3002.336417
17006,4800,-1,500,500,0,5H,790.7,16,360.4098361,41,2756.619041,2256.619041
19007,4800,-1,500,1000,26.78899286,5H,790.7,19,485.3754098,50,4154.82278,3654.82278
19007,4800,-1,500,1500,53.54097745,5H,790.7,19,514.5754098,50,4507.250764,4007.250764
21007,800,0.7071,500,0,-24.23952377,5H,790.7,20.7,544.1399043,59.94931005,4864.886511,4364.886511
17994,1600,1,0,0,0,5H,790.7,18,424.3,47,2878,2878
21007,800,0.7071,500,1000,24.23952377,5H,790.7,21.6,602.9901436,60.94846522,5617.250352,5117.250352
21007,800,0.7071,500,1500,48.45162482,5H,790.7,21.6,635.0630245,61.94762039,6037.894678,5537.894678
21007,1600,1,500,0,-24.23952377,5H,790.7,23,544.6,60,4869,4369
19007,800,0.7071,500,500,0,5H,790.7,17.1,450.119403,49.95775838,3735.841172,3235.841172
21007,1600,1,500,1000,24.23952377,5H,790.7,24,603.5,61,5622,5122
21007,1600,1,500,1500,48.45162482,5H,790.7,24,635.6,62,6043,5543
21007,4000,-0.7071,500,0,-24.23952377,5H,790.7,20.7,551.9038313,59.94931005,4969.655899,4469.655899
19007,1600,1,500,500,0,5H,790.7,19,450.5,50,3739,3239
21007,4000,-0.7071,500,1000,24.23952377,5H,790.7,21.6,610.8834694,60.94846522,5715.391426,5215.391426
21007,4000,-0.7071,500,1500,48.45162482,5H,790.7,21.6,643.0857491,61.94762039,6128.467169,5628.467169
21007,4800,-1,500,0,-24.23952377,5H,790.7,23,552.3704918,60,4973.857976,4473.857976
19007,4000,-0.7071,500,500,0,5H,790.7,17.1,456.5893422,49.95775838,3816.860608,3316.860608
21007,4800,-1,500,1000,24.23952377,5H,790.7,24,611.4,61,5720.224057,5220.224057
21007,4800,-1,500,1500,48.45162482,5H,790.7,24,643.6295082,62,6133.649075,5633.649075
19007,4800,-1,500,500,0,5H,790.7,19,456.9754098,50,3820.087942,3320.087942
19991,4800,-1,400,400,0,5H,790.7,21,519.5,55,4407,4007
19993,1600,1,400,400,0,5H,790.7,21,513.5,55,4364,3964
21007,800,0.7071,500,500,0,5H,790.7,20.7,572.8156576,60.94846522,5227.579837,4727.579837
21007,1600,1,500,500,0,5H,790.7,23,573.3,61,5232,4732
21007,4000,-0.7071,500,500,0,5H,790.7,20.7,580.7089834,60.94846522,5331.667143,4831.667143
18993,200,0.1951,0,800,42.87852976,5H,790.7,20,528.9,52,4059,4059
21007,4800,-1,500,500,0,5H,790.7,23,581.2,61,5336.175317,4836.175317
20992,100,0.098,200,0,-9.704276082,5H,790.7,24,591,62,5066,4866
